mref;description;category;color;composition;sku;stock;size;image;price
70263;Blusa Hot Fix Frente;BLUSA;Violeta;  5,00% ELASTANO   95,00% POLIESTER;70263-P-VIOLETA;8;P;70263VIOLETA.jpg;R$ 15,00
70263;Blusa Hot Fix Frente;BLUSA;Violeta;  5,00% ELASTANO   95,00% POLIESTER;70263-M-VIOLETA;19;M;70263VIOLETA.jpg;R$ 15,00
70263;Blusa Hot Fix Frente;BLUSA;Violeta;  5,00% ELASTANO   95,00% POLIESTER;70263-G-VIOLETA;11;G;70263VIOLETA.jpg;R$ 15,00
70263;Blusa Hot Fix Frente;BLUSA;Violeta;  5,00% ELASTANO   95,00% POLIESTER;70263-GG-VIOLETA;23;GG;70263VIOLETA.jpg;R$ 15,00
70263;Blusa Hot Fix Frente;BLUSA;Violeta;  5,00% ELASTANO   95,00% POLIESTER;70263-EG-VIOLETA;8;EG;70263VIOLETA.jpg;R$ 15,00
70263;Blusa Hot Fix Frente;BLUSA;Violeta;  5,00% ELASTANO   95,00% POLIESTER;70263-EX-VIOLETA;9;EX;70263VIOLETA.jpg;R$ 15,00
70263;Blusa Hot Fix Frente;BLUSA;Caramelo;  5,00% ELASTANO   95,00% POLIESTER;70263-P-CARAMELO;11;P;70263CARAMELO.jpg;R$ 15,00
70263;Blusa Hot Fix Frente;BLUSA;Caramelo;  5,00% ELASTANO   95,00% POLIESTER;70263-M-CARAMELO;9;M;70263CARAMELO.jpg;R$ 15,00
70263;Blusa Hot Fix Frente;BLUSA;Caramelo;  5,00% ELASTANO   95,00% POLIESTER;70263-G-CARAMELO;9;G;70263CARAMELO.jpg;R$ 15,00
70263;Blusa Hot Fix Frente;BLUSA;Caramelo;  5,00% ELASTANO   95,00% POLIESTER;70263-GG-CARAMELO;11;GG;70263CARAMELO.jpg;R$ 15,00
70263;Blusa Hot Fix Frente;BLUSA;Caramelo;  5,00% ELASTANO   95,00% POLIESTER;70263-EG-CARAMELO;3;EG;70263CARAMELO.jpg;R$ 15,00
70263;Blusa Hot Fix Frente;BLUSA;Caramelo;  5,00% ELASTANO   95,00% POLIESTER;70263-EX-CARAMELO;3;EX;70263CARAMELO.jpg;R$ 15,00
70263;Blusa Hot Fix Frente;BLUSA;Uva;  5,00% ELASTANO   95,00% POLIESTER;70263-P-UVA;14;P;70263UVA.jpg;R$ 15,00
70263;Blusa Hot Fix Frente;BLUSA;Uva;  5,00% ELASTANO   95,00% POLIESTER;70263-M-UVA;28;M;70263UVA.jpg;R$ 15,00
70263;Blusa Hot Fix Frente;BLUSA;Uva;  5,00% ELASTANO   95,00% POLIESTER;70263-G-UVA;12;G;70263UVA.jpg;R$ 15,00
70263;Blusa Hot Fix Frente;BLUSA;Uva;  5,00% ELASTANO   95,00% POLIESTER;70263-GG-UVA;18;GG;70263UVA.jpg;R$ 15,00
70263;Blusa Hot Fix Frente;BLUSA;Uva;  5,00% ELASTANO   95,00% POLIESTER;70263-EG-UVA;9;EG;70263UVA.jpg;R$ 15,00
70263;Blusa Hot Fix Frente;BLUSA;Uva;  5,00% ELASTANO   95,00% POLIESTER;70263-EX-UVA;8;EX;70263UVA.jpg;R$ 15,00
70284;Blusa C/ Silks;BLUSA;Branco;;70284-P-BRANCO;70;P;70284BRANCO.jpg;R$ 15,00
70284;Blusa C/ Silks;BLUSA;Branco;;70284-M-BRANCO;49;M;70284BRANCO.jpg;R$ 15,00
70284;Blusa C/ Silks;BLUSA;Branco;;70284-G-BRANCO;28;G;70284BRANCO.jpg;R$ 15,00
70320;Blusa Plissada Malha Acetinada;BLUSA;Ouro;100,00% POLIESTER;70320-P-OURO;19;P;70320OURO.jpg;R$ 15,00
70320;Blusa Plissada Malha Acetinada;BLUSA;Ouro;100,00% POLIESTER;70320-M-OURO;6;M;70320OURO.jpg;R$ 15,00
70320;Blusa Plissada Malha Acetinada;BLUSA;Prata;100,00% POLIESTER;70320-PP-PRATA;5;PP;70320PRATA.jpg;R$ 15,00
70320;Blusa Plissada Malha Acetinada;BLUSA;Prata;100,00% POLIESTER;70320-P-PRATA;46;P;70320PRATA.jpg;R$ 15,00
70320;Blusa Plissada Malha Acetinada;BLUSA;Prata;100,00% POLIESTER;70320-M-PRATA;18;M;70320PRATA.jpg;R$ 15,00
70320;Blusa Plissada Malha Acetinada;BLUSA;Prata;100,00% POLIESTER;70320-G-PRATA;9;G;70320PRATA.jpg;R$ 15,00
70323;Blusa;BLUSA;Pink; 10,00% ELASTANO   90,00% POLIESTER;70323-M-PINK;13;M;70323PINK.jpg;R$ 15,00
70323;Blusa;BLUSA;Pink; 10,00% ELASTANO   90,00% POLIESTER;70323-G-PINK;3;G;70323PINK.jpg;R$ 15,00
70323;Blusa;BLUSA;Pink; 10,00% ELASTANO   90,00% POLIESTER;70323-EG-PINK;1;EG;70323PINK.jpg;R$ 15,00
70323;Blusa;BLUSA;Pink; 10,00% ELASTANO   90,00% POLIESTER;70323-EX-PINK;6;EX;70323PINK.jpg;R$ 15,00
70325;Blusa;BLUSA;Pink; 10,00% ELASTANO   90,00% POLIESTER;70325-P-PINK;17;P;70325PINK.jpg;R$ 15,00
70325;Blusa;BLUSA;Pink; 10,00% ELASTANO   90,00% POLIESTER;70325-M-PINK;26;M;70325PINK.jpg;R$ 15,00
70325;Blusa;BLUSA;Pink; 10,00% ELASTANO   90,00% POLIESTER;70325-G-PINK;26;G;70325PINK.jpg;R$ 15,00
70325;Blusa;BLUSA;Pink; 10,00% ELASTANO   90,00% POLIESTER;70325-GG-PINK;10;GG;70325PINK.jpg;R$ 15,00
70325;Blusa;BLUSA;Pink; 10,00% ELASTANO   90,00% POLIESTER;70325-EG-PINK;9;EG;70325PINK.jpg;R$ 15,00
70325;Blusa;BLUSA;Pink; 10,00% ELASTANO   90,00% POLIESTER;70325-EX-PINK;8;EX;70325PINK.jpg;R$ 15,00
70329;Blusa Sublimada;BLUSA;Vermelho;100,00% POLIESTER;70329-P-VERMELHO;2;P;70329VERMELHO.jpg;R$ 15,00
70329;Blusa Sublimada;BLUSA;Vermelho;100,00% POLIESTER;70329-M-VERMELHO;6;M;70329VERMELHO.jpg;R$ 15,00
70329;Blusa Sublimada;BLUSA;Vermelho;100,00% POLIESTER;70329-G-VERMELHO;2;G;70329VERMELHO.jpg;R$ 15,00
70329;Blusa Sublimada;BLUSA;Pink;100,00% POLIESTER;70329-P-PINK;6;P;70329PINK.jpg;R$ 15,00
70329;Blusa Sublimada;BLUSA;Pink;100,00% POLIESTER;70329-M-PINK;10;M;70329PINK.jpg;R$ 15,00
70329;Blusa Sublimada;BLUSA;Pink;100,00% POLIESTER;70329-G-PINK;2;G;70329PINK.jpg;R$ 15,00
70329;Blusa Sublimada;BLUSA;Rose;100,00% POLIESTER;70329-P-ROSE;13;P;70329ROSE.jpg;R$ 15,00
70329;Blusa Sublimada;BLUSA;Rose;100,00% POLIESTER;70329-M-ROSE;31;M;70329ROSE.jpg;R$ 15,00
70329;Blusa Sublimada;BLUSA;Rose;100,00% POLIESTER;70329-G-ROSE;15;G;70329ROSE.jpg;R$ 15,00
70329;Blusa Sublimada;BLUSA;Rose;100,00% POLIESTER;70329-GG-ROSE;4;GG;70329ROSE.jpg;R$ 15,00
70329;Blusa Sublimada;BLUSA;Lilas;100,00% POLIESTER;70329-P-LILAS;16;P;70329LILAS.jpg;R$ 15,00
70329;Blusa Sublimada;BLUSA;Lilas;100,00% POLIESTER;70329-M-LILAS;30;M;70329LILAS.jpg;R$ 15,00
70329;Blusa Sublimada;BLUSA;Lilas;100,00% POLIESTER;70329-G-LILAS;25;G;70329LILAS.jpg;R$ 15,00
70329;Blusa Sublimada;BLUSA;Lilas;100,00% POLIESTER;70329-GG-LILAS;4;GG;70329LILAS.jpg;R$ 15,00
70330;Blusa;BLUSA;Pink;100,00% POLIESTER;70330-P-PINK;27;P;70330PINK.jpg;R$ 15,00
70330;Blusa;BLUSA;Pink;100,00% POLIESTER;70330-M-PINK;36;M;70330PINK.jpg;R$ 15,00
70330;Blusa;BLUSA;Pink;100,00% POLIESTER;70330-G-PINK;44;G;70330PINK.jpg;R$ 15,00
70330;Blusa;BLUSA;Pink;100,00% POLIESTER;70330-GG-PINK;27;GG;70330PINK.jpg;R$ 15,00
70331;Blusa Renda;BLUSA;Preto;  6,00% ELASTANO   94,00% VISCOSE;70331-P-PRETO;6;P;70331PRETO.jpg;R$ 15,00
70331;Blusa Renda;BLUSA;Preto;  6,00% ELASTANO   94,00% VISCOSE;70331-M-PRETO;20;M;70331PRETO.jpg;R$ 15,00
70331;Blusa Renda;BLUSA;Preto;  6,00% ELASTANO   94,00% VISCOSE;70331-G-PRETO;13;G;70331PRETO.jpg;R$ 15,00
70331;Blusa Renda;BLUSA;Preto;  6,00% ELASTANO   94,00% VISCOSE;70331-GG-PRETO;2;GG;70331PRETO.jpg;R$ 15,00
70331;Blusa Renda;BLUSA;Vermelho;  6,00% ELASTANO   94,00% VISCOSE;70331-P-VERMELHO;10;P;70331VERMELHO.jpg;R$ 15,00
70331;Blusa Renda;BLUSA;Vermelho;  6,00% ELASTANO   94,00% VISCOSE;70331-M-VERMELHO;14;M;70331VERMELHO.jpg;R$ 15,00
70331;Blusa Renda;BLUSA;Vermelho;  6,00% ELASTANO   94,00% VISCOSE;70331-G-VERMELHO;17;G;70331VERMELHO.jpg;R$ 15,00
70331;Blusa Renda;BLUSA;Vermelho;  6,00% ELASTANO   94,00% VISCOSE;70331-GG-VERMELHO;6;GG;70331VERMELHO.jpg;R$ 15,00
70331;Blusa Renda;BLUSA;Marinho;  6,00% ELASTANO   94,00% VISCOSE;70331-P-MARINHO;12;P;70331MARINHO.jpg;R$ 15,00
70331;Blusa Renda;BLUSA;Marinho;  6,00% ELASTANO   94,00% VISCOSE;70331-M-MARINHO;26;M;70331MARINHO.jpg;R$ 15,00
70331;Blusa Renda;BLUSA;Marinho;  6,00% ELASTANO   94,00% VISCOSE;70331-G-MARINHO;33;G;70331MARINHO.jpg;R$ 15,00
70331;Blusa Renda;BLUSA;Marinho;  6,00% ELASTANO   94,00% VISCOSE;70331-GG-MARINHO;13;GG;70331MARINHO.jpg;R$ 15,00
70331;Blusa Renda;BLUSA;Ouro;  6,00% ELASTANO   94,00% VISCOSE;70331-P-OURO;3;P;70331OURO.jpg;R$ 15,00
70331;Blusa Renda;BLUSA;Ouro;  6,00% ELASTANO   94,00% VISCOSE;70331-M-OURO;14;M;70331OURO.jpg;R$ 15,00
70331;Blusa Renda;BLUSA;Ouro;  6,00% ELASTANO   94,00% VISCOSE;70331-G-OURO;11;G;70331OURO.jpg;R$ 15,00
70331;Blusa Renda;BLUSA;Ouro;  6,00% ELASTANO   94,00% VISCOSE;70331-GG-OURO;5;GG;70331OURO.jpg;R$ 15,00
70334;Blusa Ciganinha Alcinha;BLUSA;Rosa;100,00% POLIESTER;70334-P-ROSA;16;P;70334ROSA.jpg;R$ 15,00
70334;Blusa Ciganinha Alcinha;BLUSA;Rosa;100,00% POLIESTER;70334-M-ROSA;30;M;70334ROSA.jpg;R$ 15,00
70334;Blusa Ciganinha Alcinha;BLUSA;Rosa;100,00% POLIESTER;70334-G-ROSA;40;G;70334ROSA.jpg;R$ 15,00
70334;Blusa Ciganinha Alcinha;BLUSA;Rosa;100,00% POLIESTER;70334-GG-ROSA;13;GG;70334ROSA.jpg;R$ 15,00
70347;Blusa Manga Curta;BLUSA;Preto; 70,00% POLIAMIDA   30,00% POLIESTER;70347-P-PRETO;5;P;70347PRETO.jpg;R$ 15,00
70347;Blusa Manga Curta;BLUSA;Preto; 70,00% POLIAMIDA   30,00% POLIESTER;70347-M-PRETO;4;M;70347PRETO.jpg;R$ 15,00
70347;Blusa Manga Curta;BLUSA;Preto; 70,00% POLIAMIDA   30,00% POLIESTER;70347-G-PRETO;2;G;70347PRETO.jpg;R$ 15,00
70347;Blusa Manga Curta;BLUSA;Preto; 70,00% POLIAMIDA   30,00% POLIESTER;70347-GG-PRETO;5;GG;70347PRETO.jpg;R$ 15,00
70347;Blusa Manga Curta;BLUSA;Preto; 70,00% POLIAMIDA   30,00% POLIESTER;70347-G1-PRETO;5;G1;70347PRETO.jpg;R$ 15,00
70347;Blusa Manga Curta;BLUSA;Preto; 70,00% POLIAMIDA   30,00% POLIESTER;70347-G2-PRETO;4;G2;70347PRETO.jpg;R$ 15,00
70347;Blusa Manga Curta;BLUSA;Laranja; 70,00% POLIAMIDA   30,00% POLIESTER;70347-P-LARANJA;1;P;70347LARANJA.jpg;R$ 15,00
70347;Blusa Manga Curta;BLUSA;Rosa; 70,00% POLIAMIDA   30,00% POLIESTER;70347-P-ROSA;2;P;70347ROSA.jpg;R$ 15,00
70347;Blusa Manga Curta;BLUSA;Rosa; 70,00% POLIAMIDA   30,00% POLIESTER;70347-M-ROSA;4;M;70347ROSA.jpg;R$ 15,00
70347;Blusa Manga Curta;BLUSA;Rosa; 70,00% POLIAMIDA   30,00% POLIESTER;70347-G-ROSA;3;G;70347ROSA.jpg;R$ 15,00
70347;Blusa Manga Curta;BLUSA;Rosa; 70,00% POLIAMIDA   30,00% POLIESTER;70347-GG-ROSA;5;GG;70347ROSA.jpg;R$ 15,00
70347;Blusa Manga Curta;BLUSA;Rosa; 70,00% POLIAMIDA   30,00% POLIESTER;70347-G1-ROSA;1;G1;70347ROSA.jpg;R$ 15,00
70347;Blusa Manga Curta;BLUSA;Rosa; 70,00% POLIAMIDA   30,00% POLIESTER;70347-G2-ROSA;5;G2;70347ROSA.jpg;R$ 15,00
80132;Blusa;BLUSA;Preto;;80132-PP-PRETO;22;PP;80132PRETO.jpg;R$ 15,00
80132;Blusa;BLUSA;Preto;;80132-P-PRETO;22;P;80132PRETO.jpg;R$ 15,00
80132;Blusa;BLUSA;Preto;;80132-M-PRETO;10;M;80132PRETO.jpg;R$ 15,00
80132;Blusa;BLUSA;Preto;;80132-GG-PRETO;20;GG;80132PRETO.jpg;R$ 15,00
80132;Blusa;BLUSA;Off White;;80132-PP-OFF WHITE;37;PP;80132OFF WHITE.jpg;R$ 15,00
80132;Blusa;BLUSA;Off White;;80132-P-OFF WHITE;16;P;80132OFF WHITE.jpg;R$ 15,00
80132;Blusa;BLUSA;Off White;;80132-M-OFF WHITE;17;M;80132OFF WHITE.jpg;R$ 15,00
80132;Blusa;BLUSA;Off White;;80132-G-OFF WHITE;3;G;80132OFF WHITE.jpg;R$ 15,00
80132;Blusa;BLUSA;Off White;;80132-GG-OFF WHITE;15;GG;80132OFF WHITE.jpg;R$ 15,00
102500P;Blusa Regata Estampada;REGATA;Preto;  4,00% ELASTANO   96,00% POLIESTER;102500P-P-PRETO;14;P;102500PPRETO.jpg;R$ 15,00
102500P;Blusa Regata Estampada;REGATA;Preto;  4,00% ELASTANO   96,00% POLIESTER;102500P-M-PRETO;13;M;102500PPRETO.jpg;R$ 15,00
102500P;Blusa Regata Estampada;REGATA;Preto;  4,00% ELASTANO   96,00% POLIESTER;102500P-G-PRETO;12;G;102500PPRETO.jpg;R$ 15,00
102500P;Blusa Regata Estampada;REGATA;Preto;  4,00% ELASTANO   96,00% POLIESTER;102500P-GG-PRETO;14;GG;102500PPRETO.jpg;R$ 15,00
102500P;Blusa Regata Estampada;REGATA;Preto;  4,00% ELASTANO   96,00% POLIESTER;102500P-G1-PRETO;10;G1;102500PPRETO.jpg;R$ 15,00
102500P;Blusa Regata Estampada;REGATA;Preto;  4,00% ELASTANO   96,00% POLIESTER;102500P-G2-PRETO;6;G2;102500PPRETO.jpg;R$ 15,00
102500P;Blusa Regata Estampada;REGATA;Marinho;  4,00% ELASTANO   96,00% POLIESTER;102500P-M-MARINHO;12;M;102500PMARINHO.jpg;R$ 15,00
102500P;Blusa Regata Estampada;REGATA;Marinho;  4,00% ELASTANO   96,00% POLIESTER;102500P-G-MARINHO;10;G;102500PMARINHO.jpg;R$ 15,00
102500P;Blusa Regata Estampada;REGATA;Marinho;  4,00% ELASTANO   96,00% POLIESTER;102500P-GG-MARINHO;4;GG;102500PMARINHO.jpg;R$ 15,00
102500P;Blusa Regata Estampada;REGATA;Marinho;  4,00% ELASTANO   96,00% POLIESTER;102500P-G1-MARINHO;2;G1;102500PMARINHO.jpg;R$ 15,00
70185;Regata;REGATA;Azul;100,00% ALGODAO;70185-P-AZUL;10;P;70185AZUL.jpg;R$ 15,00
70185;Regata;REGATA;Azul;100,00% ALGODAO;70185-M-AZUL;1;M;70185AZUL.jpg;R$ 15,00
70185;Regata;REGATA;Verde;100,00% ALGODAO;70185-P-VERDE;10;P;70185VERDE.jpg;R$ 15,00
70259;Regata Paete;REGATA;Bege;  4,00% ELASTANO   96,00% POLIESTER;70259-M-BEGE;6;M;70259BEGE.jpg;R$ 15,00
70259;Regata Paete;REGATA;Bege;  4,00% ELASTANO   96,00% POLIESTER;70259-G-BEGE;7;G;70259BEGE.jpg;R$ 15,00
70259;Regata Paete;REGATA;Bege;  4,00% ELASTANO   96,00% POLIESTER;70259-G1-BEGE;3;G1;70259BEGE.jpg;R$ 15,00
70259;Regata Paete;REGATA;Bege;  4,00% ELASTANO   96,00% POLIESTER;70259-G3-BEGE;2;G3;70259BEGE.jpg;R$ 15,00
70303;Regata Malha Liso;REGATA;Preto;  3,00% ELASTANO   19,00% POLIESTER   78,00% VISCOSE;70303-P-PRETO;22;P;70303PRETO.jpg;R$ 15,00
70303;Regata Malha Liso;REGATA;Preto;  3,00% ELASTANO   19,00% POLIESTER   78,00% VISCOSE;70303-M-PRETO;32;M;70303PRETO.jpg;R$ 15,00
70303;Regata Malha Liso;REGATA;Preto;  3,00% ELASTANO   19,00% POLIESTER   78,00% VISCOSE;70303-G-PRETO;33;G;70303PRETO.jpg;R$ 15,00
70303;Regata Malha Liso;REGATA;Preto;  3,00% ELASTANO   19,00% POLIESTER   78,00% VISCOSE;70303-GG-PRETO;35;GG;70303PRETO.jpg;R$ 15,00
70303;Regata Malha Liso;REGATA;Preto;  3,00% ELASTANO   19,00% POLIESTER   78,00% VISCOSE;70303-G1-PRETO;24;G1;70303PRETO.jpg;R$ 15,00
70303;Regata Malha Liso;REGATA;Preto;  3,00% ELASTANO   19,00% POLIESTER   78,00% VISCOSE;70303-G2-PRETO;19;G2;70303PRETO.jpg;R$ 15,00
70303;Regata Malha Liso;REGATA;Preto;  3,00% ELASTANO   19,00% POLIESTER   78,00% VISCOSE;70303-G3-PRETO;16;G3;70303PRETO.jpg;R$ 15,00
70303;Regata Malha Liso;REGATA;Preto;  3,00% ELASTANO   19,00% POLIESTER   78,00% VISCOSE;70303-G4-PRETO;16;G4;70303PRETO.jpg;R$ 15,00
70303;Regata Malha Liso;REGATA;Salmao;  3,00% ELASTANO   19,00% POLIESTER   78,00% VISCOSE;70303-G2-SALMAO;2;G2;70303SALMAO.jpg;R$ 15,00
70321;Blusa Regata Alça Fina Tecido Texturizado;REGATA;Marinho;100,00% POLIESTER;70321-P-MARINHO;6;P;70321MARINHO.jpg;R$ 15,00
70321;Blusa Regata Alça Fina Tecido Texturizado;REGATA;Verde;100,00% POLIESTER;70321-P-VERDE;15;P;70321VERDE.jpg;R$ 15,00
70321;Blusa Regata Alça Fina Tecido Texturizado;REGATA;Verde;100,00% POLIESTER;70321-M-VERDE;10;M;70321VERDE.jpg;R$ 15,00
70321;Blusa Regata Alça Fina Tecido Texturizado;REGATA;Verde;100,00% POLIESTER;70321-G-VERDE;2;G;70321VERDE.jpg;R$ 15,00
70321;Blusa Regata Alça Fina Tecido Texturizado;REGATA;Verde;100,00% POLIESTER;70321-GG-VERDE;1;GG;70321VERDE.jpg;R$ 15,00
70321;Blusa Regata Alça Fina Tecido Texturizado;REGATA;Verde;100,00% POLIESTER;70321-EG-VERDE;2;EG;70321VERDE.jpg;R$ 15,00
70321;Blusa Regata Alça Fina Tecido Texturizado;REGATA;Verde;100,00% POLIESTER;70321-EX-VERDE;2;EX;70321VERDE.jpg;R$ 15,00
70321;Blusa Regata Alça Fina Tecido Texturizado;REGATA;Cinza;100,00% POLIESTER;70321-P-CINZA;12;P;70321CINZA.jpg;R$ 15,00
70321;Blusa Regata Alça Fina Tecido Texturizado;REGATA;Cinza;100,00% POLIESTER;70321-EX-CINZA;3;EX;70321CINZA.jpg;R$ 15,00
70321;Blusa Regata Alça Fina Tecido Texturizado;REGATA;Telha;100,00% POLIESTER;70321-P-TELHA;9;P;70321TELHA.jpg;R$ 15,00
70321;Blusa Regata Alça Fina Tecido Texturizado;REGATA;Telha;100,00% POLIESTER;70321-M-TELHA;3;M;70321TELHA.jpg;R$ 15,00
70321;Blusa Regata Alça Fina Tecido Texturizado;REGATA;Telha;100,00% POLIESTER;70321-EG-TELHA;3;EG;70321TELHA.jpg;R$ 15,00
70321;Blusa Regata Alça Fina Tecido Texturizado;REGATA;Telha;100,00% POLIESTER;70321-EX-TELHA;1;EX;70321TELHA.jpg;R$ 15,00
70324;Regata;REGATA;Pink; 10,00% ELASTANO   90,00% POLIESTER;70324-P-PINK;14;P;70324PINK.jpg;R$ 15,00
70324;Regata;REGATA;Pink; 10,00% ELASTANO   90,00% POLIESTER;70324-M-PINK;23;M;70324PINK.jpg;R$ 15,00
70324;Regata;REGATA;Pink; 10,00% ELASTANO   90,00% POLIESTER;70324-G-PINK;25;G;70324PINK.jpg;R$ 15,00
70324;Regata;REGATA;Pink; 10,00% ELASTANO   90,00% POLIESTER;70324-GG-PINK;11;GG;70324PINK.jpg;R$ 15,00
70324;Regata;REGATA;Pink; 10,00% ELASTANO   90,00% POLIESTER;70324-EG-PINK;6;EG;70324PINK.jpg;R$ 15,00
70324;Regata;REGATA;Pink; 10,00% ELASTANO   90,00% POLIESTER;70324-EX-PINK;10;EX;70324PINK.jpg;R$ 15,00
70326;Regatinha Estampa Onça;REGATA;Violeta;100,00% POLIESTER;70326-P-VIOLETA;16;P;70326VIOLETA.jpg;R$ 15,00
70326;Regatinha Estampa Onça;REGATA;Violeta;100,00% POLIESTER;70326-M-VIOLETA;31;M;70326VIOLETA.jpg;R$ 15,00
70326;Regatinha Estampa Onça;REGATA;Violeta;100,00% POLIESTER;70326-G-VIOLETA;34;G;70326VIOLETA.jpg;R$ 15,00
70326;Regatinha Estampa Onça;REGATA;Violeta;100,00% POLIESTER;70326-GG-VIOLETA;11;GG;70326VIOLETA.jpg;R$ 15,00
70327;Regata  Estampada;REGATA;Preto; 10,00% ELASTANO   90,00% POLIESTER;70327-P-PRETO;6;P;70327PRETO.jpg;R$ 15,00
70327;Regata  Estampada;REGATA;Preto; 10,00% ELASTANO   90,00% POLIESTER;70327-M-PRETO;23;M;70327PRETO.jpg;R$ 15,00
70327;Regata  Estampada;REGATA;Preto; 10,00% ELASTANO   90,00% POLIESTER;70327-G-PRETO;1;G;70327PRETO.jpg;R$ 15,00
70327;Regata  Estampada;REGATA;Preto; 10,00% ELASTANO   90,00% POLIESTER;70327-GG-PRETO;5;GG;70327PRETO.jpg;R$ 15,00
70327;Regata  Estampada;REGATA;Sortido; 10,00% ELASTANO   90,00% POLIESTER;70327-P-SORTIDO;2;P;70327SORTIDO.jpg;R$ 15,00
70327;Regata  Estampada;REGATA;Sortido; 10,00% ELASTANO   90,00% POLIESTER;70327-M-SORTIDO;2;M;70327SORTIDO.jpg;R$ 15,00
70327;Regata  Estampada;REGATA;Sortido; 10,00% ELASTANO   90,00% POLIESTER;70327-EG-SORTIDO;1;EG;70327SORTIDO.jpg;R$ 15,00
70335;Regata;REGATA;Pink;;70335-P-PINK;7;P;70335PINK.jpg;R$ 15,00
70335;Regata;REGATA;Pink;;70335-M-PINK;31;M;70335PINK.jpg;R$ 15,00
70335;Regata;REGATA;Pink;;70335-G-PINK;1;G;70335PINK.jpg;R$ 15,00
70335;Regata;REGATA;Pink;;70335-GG-PINK;5;GG;70335PINK.jpg;R$ 15,00
70335;Regata;REGATA;Pink;;70335-EG-PINK;8;EG;70335PINK.jpg;R$ 15,00
70335;Regata;REGATA;Pink;;70335-EX-PINK;10;EX;70335PINK.jpg;R$ 15,00
70336;Regata Plano Estampada;REGATA;Azul;100,00% POLIESTER;70336-P-AZUL;7;P;70336AZUL.jpg;R$ 15,00
70336;Regata Plano Estampada;REGATA;Azul;100,00% POLIESTER;70336-M-AZUL;12;M;70336AZUL.jpg;R$ 15,00
70336;Regata Plano Estampada;REGATA;Azul;100,00% POLIESTER;70336-G-AZUL;6;G;70336AZUL.jpg;R$ 15,00
70336;Regata Plano Estampada;REGATA;Coral;100,00% POLIESTER;70336-PP-CORAL;3;PP;70336CORAL.jpg;R$ 15,00
80133;Blusa Com Renda Decote;REGATA;Branco;;80133-PP-BRANCO;12;PP;80133BRANCO.jpg;R$ 15,00
80133;Blusa Com Renda Decote;REGATA;Branco;;80133-P-BRANCO;14;P;80133BRANCO.jpg;R$ 15,00
80133;Blusa Com Renda Decote;REGATA;Branco;;80133-M-BRANCO;7;M;80133BRANCO.jpg;R$ 15,00
80133;Blusa Com Renda Decote;REGATA;Preto;;80133-PP-PRETO;17;PP;80133PRETO.jpg;R$ 15,00
80133;Blusa Com Renda Decote;REGATA;Preto;;80133-P-PRETO;1;P;80133PRETO.jpg;R$ 15,00
80133;Blusa Com Renda Decote;REGATA;Preto;;80133-M-PRETO;7;M;80133PRETO.jpg;R$ 15,00
80133;Blusa Com Renda Decote;REGATA;Laranja;;80133-PP-LARANJA;6;PP;80133LARANJA.jpg;R$ 15,00
80133;Blusa Com Renda Decote;REGATA;Laranja;;80133-P-LARANJA;6;P;80133LARANJA.jpg;R$ 15,00
80133;Blusa Com Renda Decote;REGATA;Laranja;;80133-M-LARANJA;6;M;80133LARANJA.jpg;R$ 15,00
80133;Blusa Com Renda Decote;REGATA;Marinho;;80133-PP-MARINHO;9;PP;80133MARINHO.jpg;R$ 15,00
80133;Blusa Com Renda Decote;REGATA;Marinho;;80133-P-MARINHO;6;P;80133MARINHO.jpg;R$ 15,00
80133;Blusa Com Renda Decote;REGATA;Marinho;;80133-M-MARINHO;5;M;80133MARINHO.jpg;R$ 15,00
80133;Blusa Com Renda Decote;REGATA;Azul;;80133-PP-AZUL;8;PP;80133AZUL.jpg;R$ 15,00
80133;Blusa Com Renda Decote;REGATA;Azul;;80133-P-AZUL;9;P;80133AZUL.jpg;R$ 15,00
80133;Blusa Com Renda Decote;REGATA;Azul;;80133-M-AZUL;4;M;80133AZUL.jpg;R$ 15,00
80133;Blusa Com Renda Decote;REGATA;Verde;;80133-PP-VERDE;4;PP;80133VERDE.jpg;R$ 15,00
80133;Blusa Com Renda Decote;REGATA;Verde;;80133-P-VERDE;1;P;80133VERDE.jpg;R$ 15,00
80133;Blusa Com Renda Decote;REGATA;Pink;;80133-PP-PINK;5;PP;80133PINK.jpg;R$ 15,00
80133;Blusa Com Renda Decote;REGATA;Pink;;80133-P-PINK;5;P;80133PINK.jpg;R$ 15,00
80133;Blusa Com Renda Decote;REGATA;Pink;;80133-M-PINK;1;M;80133PINK.jpg;R$ 15,00
80133;Blusa Com Renda Decote;REGATA;Rose;;80133-PP-ROSE;3;PP;80133ROSE.jpg;R$ 15,00
80133;Blusa Com Renda Decote;REGATA;Rose;;80133-P-ROSE;4;P;80133ROSE.jpg;R$ 15,00
80133;Blusa Com Renda Decote;REGATA;Roxo;;80133-P-ROXO;1;P;80133ROXO.jpg;R$ 15,00
80133;Blusa Com Renda Decote;REGATA;Amarelo;;80133-P-AMARELO;1;P;80133AMARELO.jpg;R$ 15,00
70338;T-Shirt Manga Curta;T-SHIRT;Magenta;  6,00% ELASTANO   31,00% POLIESTER   63,00% VISCOSE;70338-P-MAGENTA;12;P;70338MAGENTA.jpg;R$ 15,00
70338;T-Shirt Manga Curta;T-SHIRT;Magenta;  6,00% ELASTANO   31,00% POLIESTER   63,00% VISCOSE;70338-M-MAGENTA;8;M;70338MAGENTA.jpg;R$ 15,00
70338;T-Shirt Manga Curta;T-SHIRT;Magenta;  6,00% ELASTANO   31,00% POLIESTER   63,00% VISCOSE;70338-G-MAGENTA;7;G;70338MAGENTA.jpg;R$ 15,00
